#MPI Processes,#OpenMP Threads,Elapsed Time (s)
2,2,3366.906596
2,4,1758.610779
2,8,941.896197
2,16,458.678493
4,2,1720.058628
4,4,899.002651
4,8,465.599454
4,16,234.584873
8,2,888.602859
8,4,456.913649
8,8,233.238874
8,16,118.009458
16,2,443.307552
16,4,227.840907
16,8,117.521767
16,16,62.826288